{
  "CFx": {
    "Model": "Default",
    "Overlays": [  "A0FB389", "A0FB390" ]
  },
  "Logger": {
    "Enabled": true,
    "LogLevel": "DEBUG",
    "Device": "File",
    "Directory": "./logs/",
    "CtrlLogFileName": "ctrl.log",
    "TincanLogFileName": "tincan_log",
    "MaxFileSize": 5000000,
    "MaxArchives": 5
  
  },
  "TincanInterface": {
    "Enabled": true
  },
  "Signal": {
    "Enabled": true,
    "Overlays": {
      "A0FB389": {
        "HostAddress": "***",
        "Port": "5222",
        "Username": "***",
        "Password": "***",
        "AuthenticationMethod": "PASSWORD",
        "AcceptUntrustedServer": true
      },
      "A0FB390": {
        "HostAddress": "***",
        "Port": "5222",
        "Username": "***",
        "Password": "***",
        "AuthenticationMethod": "PASSWORD",
        "AcceptUntrustedServer": true
      }
    }
  },
  "Topology": {
    "Enabled": true,
    "Overlays": {
      "A0FB389": {
        "Name": "ipop_vnet_overlay0",
        "Description": "GVPN Network",
        "EnableIPMapping": false,
        "EncryptionEnabled": true
      },
      "A0FB390": {
        "Name": "IpopSwitchOverlay01",
        "Description": "SVPN Network",
        "EnableIPMapping": false,
        "EncryptionEnabled": true
      }
    }
  },
  "LinkManager": {
    "Enabled": true,
    "Stun": [ "stun.l.google.com:19302" ],
    "Turn": [
      {
        "Address": "***:***",
        "User": "***",
        "Password": "***"
      }
    ],
    "Overlays": {
      "A0FB389": {
        "Type": "VNET",
        "IP4": "10.254.0.10",
        "IP4PrefixLen": 16,
        "MTU4": 1500,
        "TapName": "ipop_tap0",
        "IgnoredNetInterfaces": [ "ipop_tap0" ]
      },
      "A0FB390": {
        "Type": "TUNNEL",
        "IP4": "10.253.0.10",
        "IP4PrefixLen": 16,
        "MTU4": 1500,
        "TapName": "ipop_tap",
        "IgnoredNetInterfaces": [ "ipop_tap" ]
      }
    }
  }, 
  "Icc": {
    "Enabled": true
  },
  "Broadcaster": {
    "Enabled": true
  },  
  "OverlayVisualizer": {
    "Enabled": false,
    "WebServiceAddress": "***:5000",
    "NodeName": "Node1"

  }   
}
