{"Signal": {"Enabled": true, "Overlays": {"A0FB390": {"Port": "5222", "AcceptUntrustedServer": true, "Password": "perso_0", "AuthenticationMethod": "PASSWORD", "HostAddress": "xmpp.ipop-project.org", "Username": "perso_0@xmpp.ipop-project.org"}}}, "BridgeController": {"Dependencies": ["Logger", "LinkManager"], "Enabled": true, "Overlays": {"A0FB390": {"IP4": "10.10.10.100", "BridgeName": "ipopbr0", "Type": "OVS", "PrefixLen": 24}}}, "TincanInterface": {"Enabled": true}, "LinkManager": {"Turn": [{"Password": "ShrR4754shcTr", "User": "turn1", "Address": "turn.ipop-project.org:19302"}], "Enabled": true, "Overlays": {"A0FB390": {"Type": "TUNNEL", "TapName": "ipop"}}, "Stun": ["10.244.18.150:3478"]}, "Broadcaster": {"Enabled": false}, "Logger": {"Enabled": true, "MaxFileSize": 5000000, "LogLevel": "DEBUG", "MaxArchives": 15, "Device": "File", "TincanLogFileName": "tincan_log", "Directory": "./logs/", "CtrlLogFileName": "ctrl.log"}, "CFx": {"Overlays": ["A0FB390"], "Model": "Default"}, "UsageReport": {"Enabled": false}, "OverlayVisualizer": {"Enabled": false, "WebServiceAddress": "10.244.18.150:5000", "TimerInterval": 15, "NodeName": "U16Tb1"}, "Icc": {"Enabled": false}, "Topology": {"Enabled": true, "Overlays": {"A0FB390": {"Description": "Tunnel Network", "Name": "IpopOverlay1"}}}}